<?xml version="1.0" encoding="UTF-8" standalone="yes"?>
<addon id="plugin.video.carlosfilms" name="Carlos Films" version="1.0.9" provider-name="Carlos">
  <requires>
    <import addon = "xbmc.python" version="2.1.0"/>
    <import addon = "script.module.urlresolver"/>
    <import addon = "script.module.web-pdb"/>
    <import addon = "script.module.beautifulsoup4"/>
    <import addon = "script.module.jsbeautifier"/>
    <import addon = "script.module.requests"/>
    <import addon = "script.module.resolveurl" version="5.0.38"/>
    <import addon = "script.module.future" version="0.17.1"/>
    <import addon = "script.module.unidecode"/>
  </requires>
  <extension point="xbmc.python.pluginsource" library="main.py">
    <provides>video</provides>
  </extension>
   <extension point="xbmc.python.module" library="lib" />
  <extension point="xbmc.addon.metadata">
    <summary lang="es">primer plugin Carlos Fims</summary>
    <description lang="es">Plugin que extrae peliculas de Gnula.nu </description>
  </extension>
</addon>