<?xml version="1.0" encoding="UTF-8" standalone="yes"?>
<addon id="plugin.video.carlostv" name="Carlos TV" version="1.0.4" provider-name="Carlos">
  <requires>
    <import addon = "xbmc.python" version="2.1.0"/>
    <import addon = "script.module.urlresolver"/>
    <import addon = "script.module.web-pdb"/>
    <import addon = "script.module.beautifulsoup4"/>
    <import addon = "script.module.jsbeautifier"/>
    <import addon = "script.module.requests"/>
  </requires>
  <extension point="xbmc.python.pluginsource" library="main.py">
    <provides>video</provides>
  </extension>
   <extension point="xbmc.python.module" library="lib" />
  <extension point="xbmc.addon.metadata">
    <summary lang="es-es">primer plugin</summary>
    <description lang="es-es">Plagin que extrae y desencripta la url del servidor de video de Latino web tv</description>
  </extension>
</addon>