<?xml version="1.0" encoding="UTF-8"?>
    <addon id="repo-kodi" name="Carlos Repo Kodi" version="1.0.0" provider-name="Carlos">
        <requires>
            <import addon="xbmc.addon" version="12.0.0"/>
        </requires>
        <extension point="xbmc.addon.repository" name="Carlos Repo Kodi">
            <info compressed="false">https://raw.githubusercontent.com/addon-lab/kodi-addons/master/_repo/addons.xml</info>
            <checksum>https://raw.githubusercontent.com/addon-lab/kodi-addons/master/_repo/addons.xml.md5</checksum>
            <datadir zip="true">https://raw.githubusercontent.com/addon-lab/kodi-addons/master/_repo/</datadir>
            <hashes>false</hashes>
        </extension>
        <extension point="xbmc.addon.metadata">
            <summary>Repositorio para mis addon de Kodi</summary>
            <description>Repositorio para mis addon de Kodi y plugin necesarios[CR] Addon: [CR]-CarlosTV.[CR]-CarlosFilms.</description>
            <platform>all</platform>
    </extension>
</addon>