<?xml version="1.0" encoding="UTF-8" standalone="yes"?>
<addon id="plugin.video.carlosfilms" name="Carlos Films" version="1.0.15" provider-name="Carlos">
  <requires>
    <import addon = "xbmc.python" version="2.1.0"/>
    <import addon = "script.module.web-pdb"/>
    <import addon = "script.module.jsbeautifier"/>
    <import addon = "script.module.requests"/>
    <import addon = "script.module.resolveurl" version="5.0.38"/>
    <import addon = "script.module.future" version="0.17.1"/>
    <import addon = "script.module.simpleplugin3" version="3.0.4"/>
    <import addon = "script.module.unidecode"/>
  </requires>
  <extension point="xbmc.python.pluginsource" library="main.py">
    <provides>video</provides>
  </extension>
   <extension point="xbmc.python.module" library="lib" />
  <extension point="xbmc.addon.metadata">
    <summary lang="es">Plugin video CarlosFilms</summary>
    <disclaimer lang="es">[COLOR red]The owners and submitters to this addon do not host or distribute any of the content displayed by these addons nor do they have any affiliation with the content providers.[/COLOR]</disclaimer>
    <website>https://github.com/addon-lab/kodi-addons</website>
    <description lang="es">Navega con Kodi por web Gnula.nu para ver sus videos de manera fácil.</description>
    <assets>
      <icon>resources/icon.png</icon>
      <fanart>resources/fanart.jpg</fanart>
      <screenshot>resources/screenshot1.jpg</screenshot>
      <screenshot>resources/screenshot0.jpg</screenshot>
      <screenshot>resources/screenshot2.jpg</screenshot>
      <screenshot>resources/screenshot3.jpg</screenshot>
    </assets>
    <news>- 1.0.13:Inclusion nuevos resolver.Nuevas opciones,mejoras en codigo y actualizacion ciertas librerias.</news>
  </extension>
</addon>